{"porcentaje": {"Tutorials": 98.90953678474115, "Variables": 81.47106267029973, "Types": 33.79032697547684, "Basic operators": 9.538256130790192, "Loops": 4.0888555858310625, "Conditionals": 0.542608695652174, "Procedures": 0}, "tiempoMedio": {"Tutorials": {"tutorials_1": {"tiempo": 62.310626702997276, "jugadores": 367}, "tutorials_2": {"tiempo": 50.9041095890411, "jugadores": 365}, "tutorials_3": {"tiempo": 34.153424657534245, "jugadores": 365}, "tutorials_4": {"tiempo": 165.9944903581267, "jugadores": 363}, "tutorials_5": {"tiempo": 31.56749311294766, "jugadores": 363}, "tutorials_6": {"tiempo": 125.34435261707989, "jugadores": 363}, "tutorials_7": {"tiempo": 126.1542699724518, "jugadores": 363}}, "Variables": {"variables_1": {"tiempo": 58.82093663911846, "jugadores": 363}, "variables_2": {"tiempo": 291.8642659279778, "jugadores": 361}, "variables_3": {"tiempo": 178.62921348314606, "jugadores": 356}, "variables_4": {"tiempo": 237.17765042979943, "jugadores": 349}, "variables_5": {"tiempo": 420.5953079178886, "jugadores": 341}, "variables_6": {"tiempo": 275.1736526946108, "jugadores": 334}, "variables_7": {"tiempo": 221.63636363636363, "jugadores": 319}, "variables_8": {"tiempo": 177.77198697068405, "jugadores": 307}, "variables_9": {"tiempo": 169.53333333333333, "jugadores": 300}, "variables_10": {"tiempo": 125.0, "jugadores": 34}}, "Types": {"types_1": {"tiempo": 89.75000000000001, "jugadores": 296}, "types_2": {"tiempo": 94.32191780821918, "jugadores": 292}, "types_3": {"tiempo": 293.6934306569343, "jugadores": 274}, "types_4": {"tiempo": 357.21153846153845, "jugadores": 208}, "types_5": {"tiempo": 381.49074074074076, "jugadores": 216}, "types_6": {"tiempo": 224.81218274111677, "jugadores": 197}, "types_7": {"tiempo": 258.1272727272727, "jugadores": 165}, "types_8": {"tiempo": 215.00709219858152, "jugadores": 141}, "types_9": {"tiempo": 203.25806451612902, "jugadores": 124}}, "Basic operators": {"basic_operators_1": {"tiempo": 71.37614678899082, "jugadores": 109}, "basic_operators_2": {"tiempo": 368.2352941176471, "jugadores": 102}, "basic_operators_3": {"tiempo": 307.7313432835821, "jugadores": 67}, "basic_operators_4": {"tiempo": 455.0909090909091, "jugadores": 55}, "basic_operators_5": {"tiempo": 187.48837209302323, "jugadores": 43}, "basic_operators_6": {"tiempo": 116.1, "jugadores": 40}, "basic_operators_7": {"tiempo": 140.74285714285713, "jugadores": 35}, "basic_operators_8": {"tiempo": 100.0, "jugadores": 6}, "basic_operators_9": {"tiempo": 76.0, "jugadores": 6}}, "Loops": {"loops_1": {"tiempo": 96.4, "jugadores": 30}, "loops_2": {"tiempo": 91.35714285714285, "jugadores": 28}, "loops_3": {"tiempo": 126.25, "jugadores": 24}, "loops_4": {"tiempo": 181.5, "jugadores": 12}, "loops_5": {"tiempo": 223.5, "jugadores": 10}, "loops_6": {"tiempo": 250.71428571428572, "jugadores": 7}, "loops_7": {"tiempo": 181.4, "jugadores": 5}, "loops_8": {"tiempo": 272.5, "jugadores": 4}, "loops_9": {"tiempo": 216.0, "jugadores": 2}}, "Conditionals": {"conditionals_1": {"tiempo": 32.0, "jugadores": 2}, "conditionals_2": {"tiempo": 214.0, "jugadores": 2}, "conditionals_3": {"tiempo": 283.0, "jugadores": 1}, "conditionals_4": {"tiempo": 0, "jugadores": 0}, "conditionals_5": {"tiempo": 0, "jugadores": 0}, "conditionals_6": {"tiempo": 0, "jugadores": 0}, "conditionals_7": {"tiempo": 0, "jugadores": 0}, "conditionals_8": {"tiempo": 0, "jugadores": 0}, "conditionals_9": {"tiempo": 0, "jugadores": 0}}, "Procedures": {"procedures_1": {"tiempo": 0, "jugadores": 0}, "procedures_2": {"tiempo": 0, "jugadores": 0}, "procedures_3": {"tiempo": 0, "jugadores": 0}}}, "numeroAlumnos": 367, "institutos": ["1", "3", "2", "4"]}