{
    "porcentaje": {
        "Tutorials": 99.09864864864866,
        "Variables": 83.33324324324325,
        "Types": 38.74144144144144,
        "Basic operators": 13.064144144144144,
        "Loops": 4.055450450450451,
        "Conditionals": 2.56,
        "Procedures": 0
    },
    "tiempoMedio": {
        "Tutorials": {
            "tutorials_1": {
                "tiempo": 63.81981981981982,
                "jugadores": 222
            },
            "tutorials_2": {
                "tiempo": 48.23529411764706,
                "jugadores": 221
            },
            "tutorials_3": {
                "tiempo": 32.29864253393665,
                "jugadores": 221
            },
            "tutorials_4": {
                "tiempo": 155.5909090909091,
                "jugadores": 220
            },
            "tutorials_5": {
                "tiempo": 29.986363636363635,
                "jugadores": 220
            },
            "tutorials_6": {
                "tiempo": 117.76818181818182,
                "jugadores": 220
            },
            "tutorials_7": {
                "tiempo": 117.80454545454546,
                "jugadores": 220
            }
        },
        "Variables": {
            "variables_1": {
                "tiempo": 56.75454545454546,
                "jugadores": 220
            },
            "variables_2": {
                "tiempo": 274.39726027397256,
                "jugadores": 219
            },
            "variables_3": {
                "tiempo": 168.66666666666666,
                "jugadores": 216
            },
            "variables_4": {
                "tiempo": 223.0754716981132,
                "jugadores": 212
            },
            "variables_5": {
                "tiempo": 395.39903846153845,
                "jugadores": 208
            },
            "variables_6": {
                "tiempo": 262.53921568627453,
                "jugadores": 204
            },
            "variables_7": {
                "tiempo": 206.34693877551018,
                "jugadores": 196
            },
            "variables_8": {
                "tiempo": 172.70526315789476,
                "jugadores": 190
            },
            "variables_9": {
                "tiempo": 163.11827956989245,
                "jugadores": 186
            },
            "variables_10": {
                "tiempo": 125.0,
                "jugadores": 34
            }
        },
        "Types": {
            "types_1": {
                "tiempo": 84.03825136612024,
                "jugadores": 183
            },
            "types_2": {
                "tiempo": 89.0,
                "jugadores": 181
            },
            "types_3": {
                "tiempo": 279.0526315789474,
                "jugadores": 171
            },
            "types_4": {
                "tiempo": 350.6386554621849,
                "jugadores": 119
            },
            "types_5": {
                "tiempo": 365.14388489208636,
                "jugadores": 139
            },
            "types_6": {
                "tiempo": 225.25984251968504,
                "jugadores": 127
            },
            "types_7": {
                "tiempo": 255.11009174311926,
                "jugadores": 109
            },
            "types_8": {
                "tiempo": 207.26315789473682,
                "jugadores": 95
            },
            "types_9": {
                "tiempo": 201.6046511627907,
                "jugadores": 86
            }
        },
        "Basic operators": {
            "basic_operators_1": {
                "tiempo": 81.06410256410257,
                "jugadores": 78
            },
            "basic_operators_2": {
                "tiempo": 342.1095890410959,
                "jugadores": 73
            },
            "basic_operators_3": {
                "tiempo": 299.80392156862746,
                "jugadores": 51
            },
            "basic_operators_4": {
                "tiempo": 434.4651162790698,
                "jugadores": 43
            },
            "basic_operators_5": {
                "tiempo": 191.0285714285714,
                "jugadores": 35
            },
            "basic_operators_6": {
                "tiempo": 114.21212121212122,
                "jugadores": 33
            },
            "basic_operators_7": {
                "tiempo": 144.0,
                "jugadores": 29
            },
            "basic_operators_8": {
                "tiempo": 100.0,
                "jugadores": 6
            },
            "basic_operators_9": {
                "tiempo": 76.0,
                "jugadores": 6
            }
        },
        "Loops": {
            "loops_1": {
                "tiempo": 80.5,
                "jugadores": 24
            },
            "loops_2": {
                "tiempo": 94.45454545454545,
                "jugadores": 22
            },
            "loops_3": {
                "tiempo": 133.0,
                "jugadores": 18
            },
            "loops_4": {
                "tiempo": 181.5,
                "jugadores": 12
            },
            "loops_5": {
                "tiempo": 223.5,
                "jugadores": 10
            },
            "loops_6": {
                "tiempo": 250.71428571428572,
                "jugadores": 7
            },
            "loops_7": {
                "tiempo": 181.4,
                "jugadores": 5
            },
            "loops_8": {
                "tiempo": 272.5,
                "jugadores": 4
            },
            "loops_9": {
                "tiempo": 216.0,
                "jugadores": 2
            }
        },
        "Conditionals": {
            "conditionals_1": {
                "tiempo": 32.0,
                "jugadores": 2
            },
            "conditionals_2": {
                "tiempo": 214.0,
                "jugadores": 2
            },
            "conditionals_3": {
                "tiempo": 283.0,
                "jugadores": 1
            },
            "conditionals_4": {
                "tiempo": 0,
                "jugadores": 0
            },
            "conditionals_5": {
                "tiempo": 0,
                "jugadores": 0
            },
            "conditionals_6": {
                "tiempo": 0,
                "jugadores": 0
            },
            "conditionals_7": {
                "tiempo": 0,
                "jugadores": 0
            },
            "conditionals_8": {
                "tiempo": 0,
                "jugadores": 0
            },
            "conditionals_9": {
                "tiempo": 0,
                "jugadores": 0
            }
        },
        "Procedures": {
            "procedures_1": {
                "tiempo": 0,
                "jugadores": 0
            },
            "procedures_2": {
                "tiempo": 0,
                "jugadores": 0
            },
            "procedures_3": {
                "tiempo": 0,
                "jugadores": 0
            }
        }
    },
    "numeroAlumnos": 222,
    "institutos": [
        "3",
        "1",
        "2"
    ]
}